Gene,Method,Sequences,Codons,LRT p-value,Bonferroni p-value,Bonferroni significant,cAIC,w1,p1,w2,p2,w3,p3,SRV1,SRV_p1,SRV2,SRV_p2,SRV3,SRV_p3,DH_Rate,TH_Rate
Akabane_virus_NP,BUSTED,26,233,0.5,0.0125,False,2888.870520867254,0.0,0.959942769148826,0.005506521641394774,0.0,1.0,0.04005723085117396,,,,,,,,
Akabane_virus_NP,BUSTED-MH,26,233,0.5,0.0125,False,2892.951387738561,0.02388197749308032,0.6864698229082363,0.04663958676798238,0.3135301770917637,1.002484170877496,0.0,,,,,,,0.3011078267520071,0.0
Akabane_virus_NP,BUSTEDS,26,233,0.5,0.0125,False,2875.584536759167,0.007220982594195719,0.4462061422978218,0.04048122416537726,0.5537938577021781,1.102847186949085,0.0,0.0,0.5599220525623908,2.27217530358475,0.07822603119617232,2.272357024827737,0.3618519162414368,,
Akabane_virus_NP,BUSTEDS-MH,26,233,0.5,0.0125,False,2879.686436942604,0.01085993784355907,0.0,0.02544755001816264,1.0,1.003275522807612,0.0,0.0,0.5599466102892795,2.270567905832939,0.04119202223743079,2.272646062649915,0.3988613674732898,0.0,0.0
