Gene,Method,Sequences,Codons,LRT p-value,Bonferroni p-value,Bonferroni significant,cAIC,w1,p1,w2,p2,w3,p3,SRV1,SRV_p1,SRV2,SRV_p2,SRV3,SRV_p3,DH_Rate,TH_Rate
Avian_pneumovirus_N,BUSTED,14,394,0.5,0.0125,False,3961.189040463122,0.04631752480483912,0.0183591117324241,0.05544736697430155,0.9816408882675759,1.002070161221433,0,,,,,,,,
Avian_pneumovirus_N,BUSTED-MH,14,394,0.5,0.0125,False,3965.262924638491,0.03438530489243075,0.0,0.05526446043976686,1.0,1.003675759887784,0,,,,,,,0.0,0.0
Avian_pneumovirus_N,BUSTEDS,14,394,0.5,0.0125,False,3968.036762993228,0.04982967889882908,1.0,0.100733108648003,0.0,1.001563985993738,0,0.0,0.5408110406492772,2.177655919294797,0.2919782764785241,2.177921719268324,0.1672106828721986,,
Avian_pneumovirus_N,BUSTEDS-MH,14,394,0.5,0.0125,False,3972.060681624253,0.04983704058220898,1.0,0.0850979743669059,0.0,1.426359731763508,0,0.0,0.5414045498024447,2.100942735432308,0.0,2.180571132071233,0.4585954501975553,0.0,0.0
