Gene,Method,Sequences,Codons,LRT p-value,Bonferroni p-value,Bonferroni significant,cAIC,w1,p1,w2,p2,w3,p3,SRV1,SRV_p1,SRV2,SRV_p2,SRV3,SRV_p3,DH_Rate,TH_Rate
Avian_pneumovirus_P,BUSTED,15,294,0.5,0.0125,False,3711.370007683632,0.1752641591633466,0,0.1839331397861696,1,1.002569266955529,0,,,,,,,,
Avian_pneumovirus_P,BUSTED-MH,15,294,0.5,0.0125,False,3715.457476971989,0.0005001188528718583,0,0.1839611834142626,1,1.001451225226672,0,,,,,,,0.0,0.0
Avian_pneumovirus_P,BUSTEDS,15,294,0.5,0.0125,False,3720.629293163373,0.1830700019954974,1,0.1853971301854619,0,1.001391356988275,0,0.0,0.09102344896741495,1.036672603617733,0.8860365054679379,3.551441462773228,0.02294004556464711,,
Avian_pneumovirus_P,BUSTEDS-MH,15,294,0.5,0.0125,False,3724.773171239316,0.1800746061049704,0,0.183065161902497,1,1.161917399009869,0,0.5434917457840599,0.2920484710230595,1.054666168773281,0.6499024716024896,2.684693324536561,0.05804905737445094,0.0,0.0
