Gene,Method,Sequences,Codons,LRT p-value,Bonferroni p-value,Bonferroni significant,cAIC,w1,p1,w2,p2,w3,p3,SRV1,SRV_p1,SRV2,SRV_p2,SRV3,SRV_p3,DH_Rate,TH_Rate
Avian_pneumovirus_F,BUSTED,14,532,0.4672137603140379,0.0125,False,5711.861700193325,0.0,0.7095897478813962,0.0,0.2436655655836439,3.242293103608171,0.04674468653495997,,,,,,,,
Avian_pneumovirus_F,BUSTED-MH,14,532,0.4678550272449675,0.0125,False,5714.238400088769,0.0,0.8721929318413415,0.1572625674538902,0.09458986484964095,3.932771546441331,0.03321720330901756,,,,,,,0.1378499962670006,0.0
Avian_pneumovirus_F,BUSTEDS,14,532,0.4637165930356006,0.0125,False,5716.439533067341,0.0,0.7252302505157618,0.0,0.221095627733332,2.906061879198389,0.05367412175090615,0.0,0.2182759800363218,1.279223836625186,0.2450767192151334,1.279223836625186,0.5366473007485448,,
Avian_pneumovirus_F,BUSTEDS-MH,14,532,0.4781900376093574,0.0125,False,5723.583049805039,0.005852547531733902,0.3018900606708755,0.02477937360919862,0.6626350145324027,3.704283674326209,0.03547492479672178,0.0,0.2314259836357434,1.301110273503702,0.1143421303873274,1.301110963412698,0.6542318859769292,0.115148954871673,0.0
