Gene,Method,Sequences,Codons,LRT p-value,Bonferroni p-value,Bonferroni significant,cAIC,w1,p1,w2,p2,w3,p3,SRV1,SRV_p1,SRV2,SRV_p2,SRV3,SRV_p3,DH_Rate,TH_Rate
Borna_disease_virus_G,BUSTED,17,503,0.5,0.0125,False,7687.357881121487,0.05372596970681723,0.0,0.06509845549249503,1.0,1.002129991263927,0,,,,,,,,
Borna_disease_virus_G,BUSTED-MH,17,503,0.5,0.0125,False,7692.902610321595,0.06430321960784575,1.0,0.1946922923196606,0.0,1.002193629227336,0,,,,,,,0.0,0.1472726008620366
Borna_disease_virus_G,BUSTEDS,17,503,0.5,0.0125,False,7669.179811368921,0.04773382224889176,0.0,0.06285380718233124,1.0,1.001676898149442,0,0.002228343262556721,0.2022819628504512,1.098826519402715,0.7789661156062156,7.657914975533198,0.01875192154333313,,
Borna_disease_virus_G,BUSTEDS-MH,17,503,0.5,0.0125,False,7675.005759530673,0.06140603449730613,0.9335470563620769,0.08418196667347072,0.06645294363792309,1.002328247269094,0,0.002178312108119541,0.2028691168942275,1.11024683575687,0.779890260422237,7.754209133211023,0.0172406226835355,0.0,0.0
