Gene,Method,Sequences,Codons,LRT p-value,Bonferroni p-value,Bonferroni significant,cAIC,w1,p1,w2,p2,w3,p3,SRV1,SRV_p1,SRV2,SRV_p2,SRV3,SRV_p3,DH_Rate,TH_Rate
Borna_disease_virus_NP,BUSTED,17,370,0.5,0.0125,False,5332.331747467394,0.004631116765482958,0.0,0.009839965477508435,1.0,1.125370142672699,0.0,,,,,,,,
Borna_disease_virus_NP,BUSTED-MH,17,370,0.5,0.0125,False,5336.349263296871,0.001946403059325112,0.0,0.009751208364134706,1.0,1.122200745854396,0.0,,,,,,,0.02347453432536644,0.0
Borna_disease_virus_NP,BUSTEDS,17,370,0.49820139220952,0.0125,False,5314.982916759765,0.002463488654824856,0.4436885533402613,0.007419625011428953,0.5543365204523728,1.453885009181273,0.001974926207365971,0.2304778124950869,0.4856890601488035,1.521517041784215,0.499980511584186,8.885329632604359,0.01433042826701055,,
Borna_disease_virus_NP,BUSTEDS-MH,17,370,0.4991233151169781,0.0125,False,5319.071131677728,0.005165123269312751,0.9979553418200309,0.010413915655807,0.0,1.437332192663634,0.002044658179969128,0.2287090929270088,0.4830348086817788,1.514466892786854,0.5022328741185731,8.750184033203704,0.01473231719964803,0.0,0.0
