Gene,Method,Sequences,Codons,LRT p-value,Bonferroni p-value,Bonferroni significant,cAIC,w1,p1,w2,p2,w3,p3,SRV1,SRV_p1,SRV2,SRV_p2,SRV3,SRV_p3,DH_Rate,TH_Rate
Borna_disease_virus_M,BUSTED,19,142,0.5,0.0125,False,1991.103585432979,0.02930472866750098,0.0,0.03633603990804746,1.0,1.001564863437289,0,,,,,,,,
Borna_disease_virus_M,BUSTED-MH,19,142,0.5,0.0125,False,1996.104390208016,0.03602703324886499,0.974989855101991,0.05211617416404807,0.02501014489800901,1.002958800145821,0,,,,,,,0.0,0.0
Borna_disease_virus_M,BUSTEDS,19,142,0.5,0.0125,False,2002.3327455248,0.0145161341740862,0.0,0.03634331788902734,1.0,1.002341057162903,0,0.9843930531388121,0.0,1.0,1.0,1.759124208990221,0.0,,
Borna_disease_virus_M,BUSTEDS-MH,19,142,0.5,0.0125,False,2005.727443958423,0.03592768224826482,0.0,0.03632520019811001,1.0,1.002145690894801,0,0.9543906096297151,0.0,0.9867769048917769,0.0,1.0,1.0,0.0,0.0
