Gene,Method,Sequences,Codons,LRT p-value,Bonferroni p-value,Bonferroni significant,cAIC,w1,p1,w2,p2,w3,p3,SRV1,SRV_p1,SRV2,SRV_p2,SRV3,SRV_p3,DH_Rate,TH_Rate
Bovine_respiratory_syncytial_virus_G,BUSTED,24,243,0.5,0.0125,False,4687.494056289017,0.0,0.01603107922063825,0.3386479457058423,0.7921275850153382,1.42885935973897,0.1918413357640235,,,,,,,,
Bovine_respiratory_syncytial_virus_G,BUSTED-MH,24,243,0.5,0.0125,False,4691.366056456958,0.2516769591452758,0.5919709704714213,0.9549508967524651,0.4080290295285787,4.837654438658559,0.0,,,,,,,0.01583152465002144,0.0
Bovine_respiratory_syncytial_virus_G,BUSTEDS,24,243,0.5,0.0125,False,4694.260116277281,0.0,0.1577069608117871,0.5886142946731138,0.7396936582843756,1.0,0.1025993809038373,0.0,0.09521792757076221,1.030675223485594,0.8428006446889261,2.119122807750577,0.06198142774031166,,
Bovine_respiratory_syncytial_virus_G,BUSTEDS-MH,24,243,0.5,0.0125,False,4698.395991664423,0.2484622369837957,0.4868725001999459,0.6353998870157623,0.2596071232538819,1.0,0.2535203765461723,0.0,0.09129698953538663,0.9688369388326716,0.7224753875150433,1.611142065961004,0.1862276229495701,0.00383363777542871,0.0
