Gene,Method,Sequences,Codons,LRT p-value,Bonferroni p-value,Bonferroni significant,cAIC,w1,p1,w2,p2,w3,p3,SRV1,SRV_p1,SRV2,SRV_p2,SRV3,SRV_p3,DH_Rate,TH_Rate
Cache_Valley_Virus_G,BUSTED,14,897,0.5,0.0125,False,11529.4976264414,0.07845225700789912,0.0,0.1446710540412065,1.0,1.001564863437289,0,,,,,,,,
Cache_Valley_Virus_G,BUSTED-MH,14,897,0.5,0.0125,False,11533.53254727324,0.0005329428031591027,0.0,0.14473823258452,1.0,3.248703420156185,0,,,,,,,0.0,0.0
Cache_Valley_Virus_G,BUSTEDS,14,897,0.5,0.0125,False,11491.17626988299,0.1004748715261107,0.9151089736300086,0.5631118531465455,0.08489102636999135,1.002322976603006,0,0.0,0.1533956516353455,0.8460626955654579,0.8064485587074735,7.911535579235307,0.04015578965718099,,
Cache_Valley_Virus_G,BUSTEDS-MH,14,897,0.5,0.0125,False,11495.18993472615,0.1005347241696033,0.0,0.1387412057784225,1.0,1.001420350329328,0,0.0,0.1494595667785281,0.8414491451750394,0.8097862213559771,7.817745987016393,0.04075421186549479,0.0,0.0
