Gene,Method,Sequences,Codons,LRT p-value,Bonferroni p-value,Bonferroni significant,cAIC,w1,p1,w2,p2,w3,p3,SRV1,SRV_p1,SRV2,SRV_p2,SRV3,SRV_p3,DH_Rate,TH_Rate
Canine_distemper_virus_H,BUSTED,31,603,0.4999697143785232,0.0125,False,14265.1646264382,0.0,0.2065227811339161,0.1426007066874829,0.6663897944370752,1.002804727740728,0.1270874244290087,,,,,,,,
Canine_distemper_virus_H,BUSTED-MH,31,603,0.5,0.0125,False,14265.3488752272,0.07275360887021022,0.804121688470061,0.8325193198738389,0.195878311529939,1.027636953652803,0.0,,,,,,,0.0,0.06270461959444253
Canine_distemper_virus_H,BUSTEDS,31,603,0.5,0.0125,False,14184.03547321747,0.09573448200842176,0.7127970636211763,0.5111983262520738,0.2872029363788237,1.002300013113846,0.0,0.6544346555506676,0.7531951503494141,1.538792519260228,0.2011029572554948,4.32426874765497,0.04570189239509113,,
Canine_distemper_virus_H,BUSTEDS-MH,31,603,0.5,0.0125,False,14187.46342515801,0.1454630489616198,0.8653698187666523,0.6572186341920345,0.1346301812333477,1.002330589800706,0.0,0.662242091309759,0.7656786115091467,1.566750632432883,0.1859262619256324,4.166438253104374,0.04839512656522084,0.0,0.04595616150813601
