Gene,Method,Sequences,Codons,LRT p-value,Bonferroni p-value,Bonferroni significant,cAIC,w1,p1,w2,p2,w3,p3,SRV1,SRV_p1,SRV2,SRV_p2,SRV3,SRV_p3,DH_Rate,TH_Rate
Canine_distemper_virus_F,BUSTED,11,267,0.2001923634870666,0.0125,False,3980.107412826814,0,0.648751231781207,0.2314812365377787,0,2.235385623252796,0.351248768218793,,,,,,,,
Canine_distemper_virus_F,BUSTED-MH,11,267,0.2153731187733794,0.0125,False,3984.215757323485,0,0.6480032308966877,0.9919100395520608,0,2.236986823452479,0.3519967691033123,,,,,,,0.007872780808930285,0.0
Canine_distemper_virus_F,BUSTEDS,11,267,0.388088760842305,0.0125,False,3984.693261376788,0,0.5035960226422147,0.9991362520746339,0,1.537678409600844,0.4964039773577853,0.5510556717677217,0.5029659722363902,0.6198843591238969,0.2092789893099923,2.061159308673759,0.2877550384536176,,
Canine_distemper_virus_F,BUSTEDS-MH,11,267,0.3881053059284609,0.0125,False,3988.832820993544,0,0.5023752892672816,0.9651373040175438,0,1.531514672103068,0.4976247107327184,0.51486026723997,0.4489439517858968,0.6927998269673531,0.2710532766214902,2.075232793448436,0.280002771592613,0.0,0.0
