Gene,Method,Sequences,Codons,LRT p-value,Bonferroni p-value,Bonferroni significant,cAIC,w1,p1,w2,p2,w3,p3,SRV1,SRV_p1,SRV2,SRV_p2,SRV3,SRV_p3,DH_Rate,TH_Rate
Crimean_Congo_hemorrhagic_fever_virus_G,BUSTED,11,1683,0.4822214153089029,0.0125,False,29711.75536892884,0.02082515315197004,0.7653296491493,0.06028908833621782,0.1195384639668809,1.060208475358825,0.1151318868838191,,,,,,,,
Crimean_Congo_hemorrhagic_fever_virus_G,BUSTED-MH,11,1683,0.4532880399256558,0.0125,False,29710.3906400096,0.03582884120903009,0.7144606184863752,0.213331855334689,0.2586398539462844,2.22920976269149,0.02689952756734043,,,,,,,0.04618465078769419,0.1926510858679162
Crimean_Congo_hemorrhagic_fever_virus_G,BUSTEDS,11,1683,0.5,0.0125,False,29676.57470025438,0.0,0.3682299908595497,0.1153922165828622,0.5779325939685508,1.0,0.05383741517189948,0.6496116881834293,0.781384042431641,2.150386396086601,0.09380890241527826,2.329022226621973,0.1248070551530808,,
Crimean_Congo_hemorrhagic_fever_virus_G,BUSTEDS-MH,11,1683,0.5,0.0125,False,29678.22888415455,0.05335437223000337,0.767409958605384,0.147936475579771,0.1822894568004217,1.0,0.05030058459419432,0.6536107524306214,0.623296108427973,0.7443769124635343,0.1893979190576841,2.411153885301518,0.1873059725143428,0.0,0.1469465401053838
