Gene,Method,Sequences,Codons,LRT p-value,Bonferroni p-value,Bonferroni significant,cAIC,w1,p1,w2,p2,w3,p3,SRV1,SRV_p1,SRV2,SRV_p2,SRV3,SRV_p3,DH_Rate,TH_Rate
Crimean_Congo_hemorrhagic_fever_virus_NP,BUSTED,17,482,0.5,0.0125,False,11483.03668632435,0.01746461540113719,0.7213278031214642,0.06350563366269286,0.2786721968785358,1.002324440672747,0,,,,,,,,
Crimean_Congo_hemorrhagic_fever_virus_NP,BUSTED-MH,17,482,0.5,0.0125,False,11498.54669345751,0.02054750284676373,0.6477365498205822,0.04081710564615573,0.3522634501794178,1.002324147858542,0,,,,,,,0.1507255116740268,0.1870921370651175
Crimean_Congo_hemorrhagic_fever_virus_NP,BUSTEDS,17,482,0.5,0.0125,False,11475.18983339077,0.02670587008157278,0.9517363162258965,0.02681057415824962,0.04826368377410351,1.002326783191008,0,0.6012269946462192,0.6164016038186095,1.502087830245105,0.3811872356561757,23.56790762077256,0.002411160525214687,,
Crimean_Congo_hemorrhagic_fever_virus_NP,BUSTEDS-MH,17,482,0.5,0.0125,False,11466.07111627787,0.02187850661705977,0.0,0.02695633541558762,1.0,1.169177125423511,0,0.613672507117428,0.6506254821917139,1.560677412473452,0.3470186767618996,25.10560664138292,0.002355841046386466,0.0,0.0
