Gene,Method,Sequences,Codons,LRT p-value,Bonferroni p-value,Bonferroni significant,cAIC,w1,p1,w2,p2,w3,p3,SRV1,SRV_p1,SRV2,SRV_p2,SRV3,SRV_p3,DH_Rate,TH_Rate
Guanarito,BUSTED,32,202,0.03508841791291206,0.0125,False,5263.916895630852,0.0,0.7476929556643569,0.2895641523748199,0.2457628138229783,15.51250740593959,0.006544230512664785,,,,,,,,
Guanarito,BUSTED-MH,32,202,0.04045849152216252,0.0125,False,5267.963453561691,0.0,0.7623645844326367,0.3315962093319673,0.2326260359701366,18.6426145969619,0.005009379597226773,,,,,,,0.0,0.0
Guanarito,BUSTEDS,32,202,0.04102842734529538,0.0125,False,5255.213293403433,0.01460672842156474,0.82585651415358,0.3603390734721799,0.1669586551463194,13.89684235716905,0.007184830700100631,0.0,0.1454695935790051,0.9427444918856273,0.2692906484794271,1.274909495305012,0.5852397579415678,,
Guanarito,BUSTEDS-MH,32,202,0.0409861845726307,0.0125,False,5259.287207665846,0.0,0.7165971107573303,0.2468252860417115,0.2750658977596792,12.38094276117221,0.008336991482990525,0.0,0.1455058177188559,0.9772928328649861,0.3502716053448591,1.304348715475037,0.5042225769362849,0.0,0.0
