Gene,Method,Sequences,Codons,LRT p-value,Bonferroni p-value,Bonferroni significant,cAIC,w1,p1,w2,p2,w3,p3,SRV1,SRV_p1,SRV2,SRV_p2,SRV3,SRV_p3,DH_Rate,TH_Rate
Hantaan_virus_N,BUSTED,20,429,0.5,0.0125,False,9346.984377125049,0.01177413140470475,1.0,0.02576976935357283,0.0,1.001968456595444,0,,,,,,,,
Hantaan_virus_N,BUSTED-MH,20,429,0.5,0.0125,False,9349.766950702611,0.01022745832003998,0.9602433704458461,0.03024975433601266,0.03975662955415393,1.043563853298352,0,,,,,,,0.1241190703521913,0.0
Hantaan_virus_N,BUSTEDS,20,429,0.5,0.0125,False,9321.987394365204,0.01065939909400418,1.0,0.0250141931324239,0.0,1.00156018375168,0,0.2386516626650057,0.2584976420214262,1.264961229411335,0.3727532099769411,1.265876142919477,0.3687491480016328,,
Hantaan_virus_N,BUSTEDS-MH,20,429,0.5,0.0125,False,9326.063699895785,0.01061132942877878,1.0,0.02111256031097969,0.0,1.201150594932382,0,0.2398461106955952,0.2590014590030904,1.264859483304418,0.4202660552339261,1.266794041624788,0.3207324857629835,0.008966730353254298,0.0
