Gene,Method,Sequences,Codons,LRT p-value,Bonferroni p-value,Bonferroni significant,cAIC,w1,p1,w2,p2,w3,p3,SRV1,SRV_p1,SRV2,SRV_p2,SRV3,SRV_p3,DH_Rate,TH_Rate
Hantaan_virus_G2,BUSTED,11,546,0.5,0.0125,False,10672.71237724126,0.005679884006048428,0,0.01132512941420097,1,1.002038974115065,0,,,,,,,,
Hantaan_virus_G2,BUSTED-MH,11,546,0.5,0.0125,False,10710.04274081117,0.009552905260055564,1,0.04751972972320644,0,1.113109274980771,0,,,,,,,0.3972009215335324,0.0
Hantaan_virus_G2,BUSTEDS,11,546,0.5,0.0125,False,10654.17267301239,0.0005042460446411732,0,0.006771388035980063,1,1.07065944167243,0,0.116350544569874,0.07077573889741573,0.5994311408157288,0.8878168174034531,11.09897437486709,0.04140744369913119,,
Hantaan_virus_G2,BUSTEDS-MH,11,546,0.5,0.0125,False,10715.2541095806,0.009446086535396345,1,0.2625861844185957,0,1.098194275163525,0,0.1260202089150217,0.0,0.4247872203321151,0.2111082760558932,1.153927560139557,0.7888917239441068,0.2493852206130227,0.0
