Gene,Method,Sequences,Codons,LRT p-value,Bonferroni p-value,Bonferroni significant,cAIC,w1,p1,w2,p2,w3,p3,SRV1,SRV_p1,SRV2,SRV_p2,SRV3,SRV_p3,DH_Rate,TH_Rate
Human_respiratory_syncytial_virus_A_G,BUSTED,68,278,0.02449109781438102,0.0125,False,9493.112275518755,0.0,0.5167630511190565,0.0,0.3482789396103808,3.863973983393099,0.1349580092705626,,,,,,,,
Human_respiratory_syncytial_virus_A_G,BUSTED-MH,68,278,0.1101119870234489,0.0125,False,9494.27268684091,0.001653835263785127,0.8332108467913902,0.01558248382376209,0.01932723715650538,3.498495637492585,0.1474619160521044,,,,,,,0.04044513062780905,0.0
Human_respiratory_syncytial_virus_A_G,BUSTEDS,68,278,0.1555242873741191,0.0125,False,9410.957208754526,0.1339466215078348,0.5642885704140379,0.1997774919159065,0.3317826615568539,3.55312735473838,0.1039287680291082,0.3313121732369568,0.4182503863703849,1.342428412076711,0.5585488520694414,4.810907033982066,0.02320076156017379,,
Human_respiratory_syncytial_virus_A_G,BUSTEDS-MH,68,278,0.1601333142110422,0.0125,False,9414.806303411156,0.02213916983562322,0.01851797899111148,0.1874255378052329,0.8932567806736351,3.903319354845546,0.08822524033525339,0.318924261453355,0.4026927355409394,1.318445897511277,0.5720521174569296,4.646646851485172,0.02525514700213092,0.0,0.0
