Gene,Method,Sequences,Codons,LRT p-value,Bonferroni p-value,Bonferroni significant,cAIC,w1,p1,w2,p2,w3,p3,SRV1,SRV_p1,SRV2,SRV_p2,SRV3,SRV_p3,DH_Rate,TH_Rate
Human_parainfluenza_virus_1_HN,BUSTED,29,575,0.5,0.0125,False,9179.763207632368,0.1356069644208926,0.1719444338834814,0.1418645441837301,0.8280555661165186,1.002306872047644,0,,,,,,,,
Human_parainfluenza_virus_1_HN,BUSTED-MH,29,575,0.5,0.0125,False,9186.76995295175,0.004988347686781885,0.0,0.1385386683911485,1.0,4.41700548807402,0,,,,,,,0.0,0.1806827233136241
Human_parainfluenza_virus_1_HN,BUSTEDS,29,575,0.5,0.0125,False,9126.420806983913,0.07294311736894067,0.0,0.1368445228927404,1.0,1.001561646149908,0,0.4460778462079909,0.7466279850056488,2.199814127345051,0.1972473959392929,4.152156260199786,0.05612461905505833,,
Human_parainfluenza_virus_1_HN,BUSTEDS-MH,29,575,0.5,0.0125,False,9134.252350497192,0.1343159718916307,0.02116978374498784,0.1344139114469185,0.9788302162550122,1.00218005955337,0,0.3991261581348243,0.6901800293506892,1.857663114886257,0.2346902382388644,3.840765675661458,0.07512973241044636,0.0,0.1980380202413342
