Gene,Method,Sequences,Codons,LRT p-value,Bonferroni p-value,Bonferroni significant,cAIC,w1,p1,w2,p2,w3,p3,SRV1,SRV_p1,SRV2,SRV_p2,SRV3,SRV_p3,DH_Rate,TH_Rate
Human_respiratory_syncytial_virus_A_N,BUSTED,24,387,0.5,0.0125,False,6829.485483427541,0.01206752963434842,0.9840212596334164,0.3983015884345994,0.01597874036658364,1.001563985993738,0,,,,,,,,
Human_respiratory_syncytial_virus_A_N,BUSTED-MH,24,387,0.5,0.0125,False,6830.986211339746,0.0,0.05334531873515438,0.01600765798557224,0.9466546812648456,1.293130857977078,0,,,,,,,0.2105874205307067,0.2007354874850255
Human_respiratory_syncytial_virus_A_N,BUSTEDS,24,387,0.5,0.0125,False,6839.495024382875,0.01210895679257883,0.9848055338335049,0.4005323045269497,0.01519446616649511,1.001561353670007,0,0.961908311805164,0.9282317474109746,1.492667900072759,0.07176825258902542,3.502877168174962,0.0,,
Human_respiratory_syncytial_virus_A_N,BUSTEDS-MH,24,387,0.5,0.0125,False,6841.101776134076,0.002728606834701938,0.5642223214413061,0.03181960216139559,0.4357776785586939,1.260813232949536,0,0.9990804834474092,0.0,0.9997929747801199,0.0,1.0,1.0,0.2116240082653571,0.1412490815612997
