Gene,Method,Sequences,Codons,LRT p-value,Bonferroni p-value,Bonferroni significant,cAIC,w1,p1,w2,p2,w3,p3,SRV1,SRV_p1,SRV2,SRV_p2,SRV3,SRV_p3,DH_Rate,TH_Rate
Human_parainfluenza_virus_3_HN,BUSTED,13,572,0.5,0.0125,False,7121.736716839672,0.08242269081247265,0.4020571149097282,0.08277571659496637,0.5979428850902718,1.002069058597286,0,,,,,,,,
Human_parainfluenza_virus_3_HN,BUSTED-MH,13,572,0.5,0.0125,False,7125.778896010689,0.001304134944938465,0.0,0.08226598772687688,1.0,1.001406891510352,0,,,,,,,0.01406596148010342,0.0
Human_parainfluenza_virus_3_HN,BUSTEDS,13,572,0.5,0.0125,False,7102.103249341741,0.07663832477503857,1.0,0.08539865560866543,0.0,1.002391943975848,0,0.0,0.3745126228640098,1.169086692718132,0.4779851022072324,2.99109947900872,0.1475022749287578,,
Human_parainfluenza_virus_3_HN,BUSTEDS-MH,13,572,0.5,0.0125,False,7106.082515822842,0.07523637993080524,0.4070982762438375,0.07758577425736893,0.5929017237561625,1.001554269115158,0,0.0,0.3771810786171755,1.157277158945975,0.4618426714476237,2.891855323344061,0.1609762499352008,0.0,0.0
