Gene,Method,Sequences,Codons,LRT p-value,Bonferroni p-value,Bonferroni significant,cAIC,w1,p1,w2,p2,w3,p3,SRV1,SRV_p1,SRV2,SRV_p2,SRV3,SRV_p3,DH_Rate,TH_Rate
Infectious_hematopoietic_virus_G,BUSTED,19,501,0.3843981365166842,0.0125,False,6395.901346310704,0.007755128851538622,0.5117448970776153,0.0336799551001636,0.4343254725708713,2.798985312498382,0.05392963035151331,,,,,,,,
Infectious_hematopoietic_virus_G,BUSTED-MH,19,501,0.5,0.0125,False,6375.735493555739,0.1439001302103851,1.0,0.2893433413816106,0.0,4.573250277266521,0.0,,,,,,,0.2786560740002765,0.1308209385450411
Infectious_hematopoietic_virus_G,BUSTEDS,19,501,0.5,0.0125,False,6361.379667132205,0.1347445291465711,0.9783424202024809,0.1370187599939263,0.0175441314548148,8.561777352493388,0.004113448342704339,0.03764954517714968,0.4490804497064052,1.549650363550487,0.5412291795012668,14.89894800069346,0.009690370792328033,,
Infectious_hematopoietic_virus_G,BUSTEDS-MH,19,501,0.5,0.0125,False,6359.656084644241,0.1449182350406356,0.5698487249818119,0.1498093146748138,0.4301512750181881,1.002352917248853,0.0,0.3463030295565044,0.633191156621356,1.761532983848447,0.352602774990301,11.23481609892112,0.01420606838834298,0.194494854256558,0.0
