Gene,Method,Sequences,Codons,LRT p-value,Bonferroni p-value,Bonferroni significant,cAIC,w1,p1,w2,p2,w3,p3,SRV1,SRV_p1,SRV2,SRV_p2,SRV3,SRV_p3,DH_Rate,TH_Rate
Influenza_B_virus_M,BUSTED,26,240,0.5,0.0125,False,3285.092658628449,0.01808612988473565,1.0,0.02491851317873979,0.0,1.001297546636243,0,,,,,,,,
Influenza_B_virus_M,BUSTED-MH,26,240,0.5,0.0125,False,3289.132959179191,0.01799238968445304,1.0,0.1182031774839124,0.0,1.084344616401711,0,,,,,,,0.02522709679711709,0.0
Influenza_B_virus_M,BUSTEDS,26,240,0.5,0.0125,False,3288.683743667793,0.01598110908713119,0.0,0.016762434724309,1.0,1.001875409840996,0,0.5667912831689583,0.3821209200270724,0.5751687914543259,0.3771328215960391,2.353108904023502,0.2407462583768885,,
Influenza_B_virus_M,BUSTEDS-MH,26,240,0.5,0.0125,False,3292.64153256045,0.0163022146692686,0.5065943839829838,0.01721145647944671,0.4934056160170162,1.001558428878034,0,0.5730259217583066,0.7638151862922818,2.376314478945089,0.0,2.380822416117505,0.2361848137077182,0.0,0.0
