Gene,Method,Sequences,Codons,LRT p-value,Bonferroni p-value,Bonferroni significant,cAIC,w1,p1,w2,p2,w3,p3,SRV1,SRV_p1,SRV2,SRV_p2,SRV3,SRV_p3,DH_Rate,TH_Rate
Influenza_C_virus_CM2,BUSTED,20,375,0.5,0.0125,False,3894.128293233729,0.05677784053160169,1.0,0.5209714609530832,0.0,1.006289797786141,0,,,,,,,,
Influenza_C_virus_CM2,BUSTED-MH,20,375,0.5,0.0125,False,3898.207136915098,0.03266451518446595,0.6846855916539675,0.1097012676625024,0.3153144083460325,1.177560339347567,0,,,,,,,0.0,0.0
Influenza_C_virus_CM2,BUSTEDS,20,375,0.5,0.0125,False,3904.014791465003,0.004371648082224834,0.0,0.05656321981255422,1.0,1.002331175434892,0,0.8499133772589654,0.9122648631339212,0.884041869841525,0.0,2.56059199590785,0.08773513686607878,,
Influenza_C_virus_CM2,BUSTEDS-MH,20,375,0.5,0.0125,False,3908.087362730814,0.05350148680370247,0.9736136756640774,0.1642262292712117,0.02638632433592258,1.009470053003743,0,0.8178970669654336,0.0,0.8475333892478005,0.9097914362360268,2.537690114845626,0.09020856376397321,0.0,0.0
