Gene,Method,Sequences,Codons,LRT p-value,Bonferroni p-value,Bonferroni significant,cAIC,w1,p1,w2,p2,w3,p3,SRV1,SRV_p1,SRV2,SRV_p2,SRV3,SRV_p3,DH_Rate,TH_Rate
Influenza_B_virus_PA,BUSTED,19,726,0.4980762016409924,0.0125,False,9487.240140648388,0.009882862394444572,0.4554586143343838,0.01086554126876496,0.5098733130875847,1.447695353594852,0.03466807257803165,,,,,,,,
Influenza_B_virus_PA,BUSTED-MH,19,726,0.5,0.0125,False,9490.742270662862,0.02953705079256713,0.9852631578869121,0.8617557654764496,0.0,2.074426164568018,0.0147368421130879,,,,,,,0.0,0.0
Influenza_B_virus_PA,BUSTEDS,19,726,0.5,0.0125,False,9490.975847340784,0.03217600380140216,0.9371998295185203,0.426234558569533,0.06280017048147968,1.002455838751102,0.0,0.5298993534267601,0.5683469782261856,1.618479742815927,0.2212653389612573,1.619485657453425,0.2103876828125571,,
Influenza_B_virus_PA,BUSTEDS-MH,19,726,0.5,0.0125,False,9495.039244396841,0.0370240685673003,0.9596117309172769,0.5297723422061945,0.04038826908272308,1.00211639110075,0.0,0.5153658779067728,0.0,0.528790123499256,0.5662272401411717,1.615095950204694,0.4337727598588284,0.0,0.0
