Gene,Method,Sequences,Codons,LRT p-value,Bonferroni p-value,Bonferroni significant,cAIC,w1,p1,w2,p2,w3,p3,SRV1,SRV_p1,SRV2,SRV_p2,SRV3,SRV_p3,DH_Rate,TH_Rate
Influenza_A_virus_equine_H3N8,BUSTED,50,329,0.5,0.0125,False,6963.56992239914,0.0002613540964646089,0.5881714216667334,0.6986148819828177,0.2461980826101748,1.0,0.1656304957230917,,,,,,,,
Influenza_A_virus_equine_H3N8,BUSTED-MH,50,329,0.498161417369936,0.0125,False,6967.679911211244,0.1018624873917026,0.0267825773145358,0.2018738569641414,0.8528316759753667,1.337154795689898,0.1203857467100975,,,,,,,0.0,0.0
Influenza_A_virus_equine_H3N8,BUSTEDS,50,329,0.4866097663212625,0.0125,False,6922.271227322984,0.0,0.6074650137663906,0.0,0.1171194303436023,1.212513309121866,0.2754155558900071,0.6527577527348003,0.7579345726950008,1.547142453573618,0.2332209450338933,16.32953767739823,0.008844482271105906,,
Influenza_A_virus_equine_H3N8,BUSTEDS-MH,50,329,0.4963043699838208,0.0125,False,6931.587727864025,0.0,0.6954258371010547,1.0,0.1476349901465864,1.150768206916912,0.1569391727523589,0.6428996439366665,0.7397528165139804,1.543411991561198,0.2511520557020868,15.03905018550738,0.00909512778393288,0.02236132222245677,0.0
