Gene,Method,Sequences,Codons,LRT p-value,Bonferroni p-value,Bonferroni significant,cAIC,w1,p1,w2,p2,w3,p3,SRV1,SRV_p1,SRV2,SRV_p2,SRV3,SRV_p3,DH_Rate,TH_Rate
Influenza_B_virus_NP,BUSTED,28,560,0.496547105331347,0.0125,False,8296.66550906857,0,0.7199215420039379,0.0,0.1869849318574242,1.078968838650329,0.09309352613863789,,,,,,,,
Influenza_B_virus_NP,BUSTED-MH,28,560,0.5,0.0125,False,8300.53936853576,0,0.9017518518722848,0.9372261558649446,0.05643546984599075,1.111040625239278,0.04181267828172446,,,,,,,0.01849693532452347,0.0
Influenza_B_virus_NP,BUSTEDS,28,560,0.5,0.0125,False,8264.181914156565,0,0.3397145968412972,0.04367734073643183,0.5890503545160531,1.0,0.07123504864264964,0.09931625810819851,0.4564901804550746,1.347069101251995,0.1730019879819612,1.947644312683752,0.3705078315629642,,
Influenza_B_virus_NP,BUSTEDS-MH,28,560,0.5,0.0125,False,8267.722847873933,0,0.8302929019467492,0.5517331395457992,0.1697070980532508,4.047436752883038,0.0,0.1114416620688518,0.4692508567558461,1.528709835195379,0.2714531084867682,2.05453534357467,0.2592960347573857,0.0,0.0
