Gene,Method,Sequences,Codons,LRT p-value,Bonferroni p-value,Bonferroni significant,cAIC,w1,p1,w2,p2,w3,p3,SRV1,SRV_p1,SRV2,SRV_p2,SRV3,SRV_p3,DH_Rate,TH_Rate
Influenza_B_virus_NA,BUSTED,23,466,0.5,0.0125,False,7922.936747431363,0.2672384448128615,0.7345455354449336,0.2708880979805067,0.2654544645550664,1.002319462848719,0,,,,,,,,
Influenza_B_virus_NA,BUSTED-MH,23,466,0.5,0.0125,False,7927.015418828923,0.2346431423510252,0.5874413658882611,0.3167450655445811,0.4125586341117389,1.529290978012185,0,,,,,,,0.0,0.0
Influenza_B_virus_NA,BUSTEDS,23,466,0.5,0.0125,False,7879.030671912629,0.0003318999650559046,0.0,0.2614443669609515,1.0,1.003605046354401,0,0.6678308248158118,0.8997680067456368,3.977557654054348,0.09418263908195955,4.048417773986129,0.006049354172403616,,
Influenza_B_virus_NA,BUSTEDS-MH,23,466,0.5,0.0125,False,7883.083956909784,0.2576306910882861,0.7594746025747496,0.2735728498311678,0.2405253974252504,1.001476910796974,0,0.6687987912353183,0.834709496476754,0.6708719742176363,0.06577834957413947,3.995677218357457,0.09951215394910656,0.0,0.0
