Gene,Method,Sequences,Codons,LRT p-value,Bonferroni p-value,Bonferroni significant,cAIC,w1,p1,w2,p2,w3,p3,SRV1,SRV_p1,SRV2,SRV_p2,SRV3,SRV_p3,DH_Rate,TH_Rate
Influenza_A_virus_human_H3N2,BUSTED,55,469,0.5,0.0125,False,9117.711039013499,0.0005248468554456815,0.001067042447811111,0.1811356370603687,0.8633613812661626,1.0,0.1355715762860263,,,,,,,,
Influenza_A_virus_human_H3N2,BUSTED-MH,55,469,0.5,0.0125,False,9121.725729262691,0.0,0.2667579796465324,0.3217964960810262,0.652443408084902,1.0,0.08079861226856565,,,,,,,0.0,0.0
Influenza_A_virus_human_H3N2,BUSTEDS,55,469,0.5,0.0125,False,9085.118742408857,0.1183220295037135,0.005320542580159509,0.2746166356966143,0.9704935210651968,1.0,0.02418593635464367,0.0,0.2275393826678183,1.041830530054769,0.6783418356031891,3.116091820011957,0.09411878172899263,,
Influenza_A_virus_human_H3N2,BUSTEDS-MH,55,469,0.5,0.0125,False,9089.134776440585,0.2917119336608052,1.0,0.9453091606637883,0.0,6.516116575286899,0.0,0.0,0.227190463712165,1.037939374361161,0.6762038318419723,3.086167836024635,0.0966057044458627,0.0,0.0
