Gene,Method,Sequences,Codons,LRT p-value,Bonferroni p-value,Bonferroni significant,cAIC,w1,p1,w2,p2,w3,p3,SRV1,SRV_p1,SRV2,SRV_p2,SRV3,SRV_p3,DH_Rate,TH_Rate
Influenza_A_virus_human_H2N2,BUSTED,19,562,0.0004422604458054202,0.0125,True,11479.25363025352,0.0,0.924989397691212,1.0,0.07139697885277223,61.65829302304538,0.003613623456015748,,,,,,,,
Influenza_A_virus_human_H2N2,BUSTED-MH,19,562,0.01540576009152467,0.0125,False,11488.1322613259,0.0,0.2531043114442582,0.03998038909963098,0.7329096316427779,11.28715463870479,0.01398605691296393,,,,,,,0.0,0.2095626941637855
Influenza_A_virus_human_H2N2,BUSTEDS,19,562,0.5,0.0125,False,11421.93992282408,0.01884701817426392,0.380490904603251,0.02102106457173164,0.6019486388079416,9.80634499016085,0.01756045658880747,0.3398196453184109,0.5350484415483394,1.632818608589007,0.454424736930023,7.237404143859478,0.0105268215216376,,
Influenza_A_virus_human_H2N2,BUSTEDS-MH,19,562,0.01091999096107571,0.0125,True,11424.32891354593,0.01211413169359916,0.6195347974992685,0.03190619467816926,0.3594374945230085,6.610386423915817,0.0210277079777229,0.0,0.06707049221650559,0.5489272009028432,0.6358844191907128,2.191403832864888,0.2970450885927816,0.0,0.196952871493099
