Gene,Method,Sequences,Codons,LRT p-value,Bonferroni p-value,Bonferroni significant,cAIC,w1,p1,w2,p2,w3,p3,SRV1,SRV_p1,SRV2,SRV_p2,SRV3,SRV_p3,DH_Rate,TH_Rate
Influenza_C_virus_NP,BUSTED,28,199,0.4996895572030559,0.0125,False,2769.121981541226,0.001405676303105933,0.02109673042804623,0.005263922550561424,0.9631973606290409,1.136376333155843,0.01570590894291285,,,,,,,,
Influenza_C_virus_NP,BUSTED-MH,28,199,0.5,0.0125,False,2773.23510388146,0.0,0.05552840461657191,0.003698452570156494,0.9251402549496579,1.012247855803678,0.01933134043377019,,,,,,,0.0,0.0
Influenza_C_virus_NP,BUSTEDS,28,199,0.08287145082943126,0.0125,False,2768.294043755039,0.0,0.9514337121987162,0.0,0.04679153821268574,186.5991585775791,0.001774749588598057,0.0,0.2727506019591536,1.248946094538644,0.7108427535759272,6.838431790860533,0.01640664446491923,,
Influenza_C_virus_NP,BUSTEDS-MH,28,199,0.08286771707834478,0.0125,False,2772.40794693169,0.0,0.9921487710005226,0.0,0.006076664710959943,184.9506033076945,0.00177456428851749,0.0,0.2730983647055595,1.250799591962308,0.710798298277592,6.888868961186004,0.01610333701684843,0.0,0.03413834913032822
