Gene,Method,Sequences,Codons,LRT p-value,Bonferroni p-value,Bonferroni significant,cAIC,w1,p1,w2,p2,w3,p3,SRV1,SRV_p1,SRV2,SRV_p2,SRV3,SRV_p3,DH_Rate,TH_Rate
Influenza_A_virus_human_H1N1,BUSTED,11,565,0.2404681921572085,0.0125,False,8521.73899108574,0,0.721572008498245,0.0,0.1327941078113611,1.713328784276237,0.1456338836903939,,,,,,,,
Influenza_A_virus_human_H1N1,BUSTED-MH,11,565,0.3364312199828891,0.0125,False,8531.192091977437,0,0.05532762973626475,0.0,0.7893566306248745,1.534439760155811,0.1553157396388608,,,,,,,0.03716516145375523,0.1329365545873082
Influenza_A_virus_human_H1N1,BUSTEDS,11,565,0.5,0.0125,False,8515.755147163565,0,0.6129728512683645,0.5196706867743022,0.368022554621142,1.0,0.01900459411049354,0.6454844708017149,0.6719751722311621,0.6834932483158548,0.1797635836292379,2.990554061716556,0.1482612441396,,
Influenza_A_virus_human_H1N1,BUSTEDS-MH,11,565,0.5,0.0125,False,8524.612267057337,0,0.2975277510545217,0.115903794680507,0.553414026670967,1.0,0.1490582222745114,0.0,0.1129030128491788,0.9009969677956013,0.8294063665035295,4.380389322814752,0.05769062064729168,0.0,0.1284149906590325
