Gene,Method,Sequences,Codons,LRT p-value,Bonferroni p-value,Bonferroni significant,cAIC,w1,p1,w2,p2,w3,p3,SRV1,SRV_p1,SRV2,SRV_p2,SRV3,SRV_p3,DH_Rate,TH_Rate
Junin,BUSTED,45,170,0.5,0.0125,False,3900.05755996682,0.03579409621259137,0.6002923578536974,0.1048681502318237,0.3997076421463026,1.001310709545769,0,,,,,,,,
Junin,BUSTED-MH,45,170,0.5,0.0125,False,3904.143348319042,0.06326678355687994,1.0,0.3406292863109156,0.0,1.002510327785312,0,,,,,,,0.0,0.0
Junin,BUSTEDS,45,170,0.5,0.0125,False,3888.90242762342,0.06079597950265486,0.8893542218873741,0.06585561121661018,0.1106457781126259,1.002642093002302,0,0.472041077927204,0.0,0.4739159010416945,0.6269350701855125,1.884083560649659,0.3730649298144875,,
Junin,BUSTEDS-MH,45,170,0.5,0.0125,False,3893.012670261603,0.0602309035230834,0.9333090565284865,0.07570247299842263,0.06669094347151348,1.67348129434315,0,0.4733670816209246,0.3503173509218471,0.474113496304463,0.2764297152532317,1.883742029745434,0.3732529338249211,0.0,0.0
