Gene,Method,Sequences,Codons,LRT p-value,Bonferroni p-value,Bonferroni significant,cAIC,w1,p1,w2,p2,w3,p3,SRV1,SRV_p1,SRV2,SRV_p2,SRV3,SRV_p3,DH_Rate,TH_Rate
La_Crosse_Virus_G,BUSTED,9,1441,0.5,0.0125,False,17079.13382789158,0.04434050538484029,0.7207648976893836,0.06541211864759,0.2792351023106164,1.002330882617735,0,,,,,,,,
La_Crosse_Virus_G,BUSTED-MH,9,1441,0.5,0.0125,False,17119.16800980904,0.04566596621468381,1.0,0.4834075892891028,0.0,1.001551965439844,0,,,,,,,0.1389119988228446,1.214155778951559
La_Crosse_Virus_G,BUSTEDS,9,1441,0.5,0.0125,False,17072.66192270183,0.03623211501910158,0.0,0.04547331294442921,1.0,1.002040526510699,0,0.4609176590812588,0.5064995434878424,1.280040974599767,0.4704377697901623,7.126914428506693,0.02306268672199522,,
La_Crosse_Virus_G,BUSTEDS-MH,9,1441,0.5,0.0125,False,17118.47272132105,0.03198373543229566,0.5950900445086791,0.05696394501367857,0.4049099554913209,1.002532138436718,0,0.0,0.1167352715374698,1.010530082866411,0.8665830870849188,7.450808849317443,0.01668164137761135,0.1115877163936757,1.233476755394293
