Gene,Method,Sequences,Codons,LRT p-value,Bonferroni p-value,Bonferroni significant,cAIC,w1,p1,w2,p2,w3,p3,SRV1,SRV_p1,SRV2,SRV_p2,SRV3,SRV_p3,DH_Rate,TH_Rate
Lassa,BUSTED,59,208,0.3608212414992109,0.0125,False,13229.26514459131,0.001387749373589412,0.7627084621626176,0.01124255874573421,0.2043761438909699,1.35529929727206,0.03291539394641251,,,,,,,,
Lassa,BUSTED-MH,59,208,0.5,0.0125,False,13226.24461363844,0.001690482723687291,0.8240303981226341,0.01184014480568678,0.1402100115739889,1.026478068045299,0.03575959030337703,,,,,,,0.2577173893006475,0.0
Lassa,BUSTEDS,59,208,0.5,0.0125,False,13167.47777354321,0.0,0.8396310037698181,0.06545453904951144,0.1321526741113468,1.0,0.02821632211883501,0.2321159672453219,0.1326909901982762,0.9012862742323429,0.6990278722425357,2.015532345614522,0.1682811375591881,,
Lassa,BUSTEDS-MH,59,208,0.5,0.0125,False,13167.49840339628,0.0,0.8903427070510328,0.2542298444173793,0.1096572929489671,1.001850992283759,0.0,0.2583696917152377,0.1510095623661027,0.9330015400391122,0.7059878330338867,2.113919332458805,0.1430026046000107,0.1949225480249298,0.0
