Gene,Method,Sequences,Codons,LRT p-value,Bonferroni p-value,Bonferroni significant,cAIC,w1,p1,w2,p2,w3,p3,SRV1,SRV_p1,SRV2,SRV_p2,SRV3,SRV_p3,DH_Rate,TH_Rate
LCMV,BUSTED,35,291,8.077565838426892e-10,0.0125,True,6306.630683908816,0.0,0.8542678857155045,0.2720877334681668,0.1390016429536332,546.1601852791105,0.006730471330862366,,,,,,,,
LCMV,BUSTED-MH,35,291,7.821526759599351e-10,0.0125,True,6304.33607805223,0.0,0.875476170617596,0.3848912486595394,0.1196957194276312,1818.333959960779,0.004828109954772874,,,,,,,0.0,0.1111949326445003
LCMV,BUSTEDS,35,291,0.04175367302330235,0.0125,False,6286.375378064819,0.0002304044684206991,0.7520146359655759,0.1719428680486593,0.2453648315060685,327.5632025223625,0.002620532528355579,0.1412224537649925,0.9680390389826531,1.958239027333237,0.02910420887790009,282.2429509219985,0.002856752139446816,,
LCMV,BUSTEDS-MH,35,291,0.02063941741859399,0.0125,False,6304.600583426928,0.0001797120174789648,0.0,0.03605953973267155,0.9957752851851657,448.5430212210578,0.004224714814834329,0.0,0.03131542034829229,0.7621861624988674,0.9453864101473034,11.99405643943063,0.0232981695044043,0.0,0.0
