Gene,Method,Sequences,Codons,LRT p-value,Bonferroni p-value,Bonferroni significant,cAIC,w1,p1,w2,p2,w3,p3,SRV1,SRV_p1,SRV2,SRV_p2,SRV3,SRV_p3,DH_Rate,TH_Rate
Measles_virus_HA,BUSTED,20,616,0.5,0.0125,False,8409.855720381602,0.1190566919316427,0.0,0.1541927221373806,1.0,1.002591084644103,0,,,,,,,,
Measles_virus_HA,BUSTED-MH,20,616,0.5,0.0125,False,8413.903119160383,0.1485668236347968,0.9462216032279561,0.2545374579782917,0.05377839677204388,1.09164812889759,0,,,,,,,0.0,0.0
Measles_virus_HA,BUSTEDS,20,616,0.5,0.0125,False,8416.212908236028,0.1462984163131757,0.9545765846152389,0.2759307526085641,0.04542341538476113,1.002438369450087,0,0.8661569147734052,0.9431799479571222,3.22171767923018,0.05682005204287777,3.364288845483718,0.0,,
Measles_virus_HA,BUSTEDS-MH,20,616,0.5,0.0125,False,8420.25544955955,0.1474318871167409,0.9568441709658576,0.259038896301289,0.04315582903414239,1.001888435276257,0,0.7817299804456426,0.1830898229250815,0.8911522193855101,0.7629168013203331,3.278146497199503,0.05399337575458538,0.0,0.0
