Gene,Method,Sequences,Codons,LRT p-value,Bonferroni p-value,Bonferroni significant,cAIC,w1,p1,w2,p2,w3,p3,SRV1,SRV_p1,SRV2,SRV_p2,SRV3,SRV_p3,DH_Rate,TH_Rate
Measles_virus_L,BUSTED,27,2177,0.5,0.0125,False,26244.26585173876,0.120553704240154,0.999626880235406,0.3384524594560087,0.0003731197645939766,1.001563985993738,0,,,,,,,,
Measles_virus_L,BUSTED-MH,27,2177,0.5,0.0125,False,26243.72937265224,0.11908949847737,0.723716880993383,0.1204843532099978,0.276283119006617,1.002327661637475,0,,,,,,,0.03228314825317225,0.0
Measles_virus_L,BUSTEDS,27,2177,0.5,0.0125,False,26219.56133359664,0.09692469221715645,0.5332717079419302,0.1432895320928276,0.4667282920580698,1.001983076160377,0,0.6968435288785975,0.4792093881013158,0.7033112133955274,0.4124888424040906,3.471393056778779,0.1083017694945937,,
Measles_virus_L,BUSTEDS-MH,27,2177,0.5,0.0125,False,26220.89224473381,0.003471143113909052,0.0,0.1176468420219207,1.0,2.662739181146976,0,0.7105018841028538,0.6279268680288111,0.7112165509006422,0.2689782542374956,3.516711973578185,0.1030948777336933,0.02454465021658266,0.0
