Gene,Method,Sequences,Codons,LRT p-value,Bonferroni p-value,Bonferroni significant,cAIC,w1,p1,w2,p2,w3,p3,SRV1,SRV_p1,SRV2,SRV_p2,SRV3,SRV_p3,DH_Rate,TH_Rate
Measles_virus_F,BUSTED,22,523,0.5,0.0125,False,7580.623586869383,0.003315744461110697,0.0,0.0384739636015452,1.0,1.001502985307164,0.0,,,,,,,,
Measles_virus_F,BUSTED-MH,22,523,0.5,0.0125,False,7584.66038377888,0.03846571088193389,1.0,0.3799572026120989,0.0,6.505417691888515,0.0,,,,,,,0.0,0.0
Measles_virus_F,BUSTEDS,22,523,0.5,0.0125,False,7581.809717971163,0.0001626385038764162,0.3337338690751659,0.03353491320034805,0.650155297741974,1.0,0.01611083318286009,0.6767142733139871,0.2849008118474598,0.78608410459781,0.593019115581552,2.793581675375072,0.1220800725709883,,
Measles_virus_F,BUSTEDS-MH,22,523,0.5,0.0125,False,7585.849168222181,0.01480982250517577,0.0,0.03761168322985221,1.0,1.23133014317818,0.0,0.7201886325023454,0.4977301625707915,0.7820993470487357,0.3768733095802881,2.765531322669057,0.1253965278489204,0.0,0.0
