Gene,Method,Sequences,Codons,LRT p-value,Bonferroni p-value,Bonferroni significant,cAIC,w1,p1,w2,p2,w3,p3,SRV1,SRV_p1,SRV2,SRV_p2,SRV3,SRV_p3,DH_Rate,TH_Rate
Measles_virus_N_part1,BUSTED,68,402,0.5,0.0125,False,17708.2768874816,0.0008009205412249014,0.8767385108147521,0.1696663921735439,0.1135256884516875,1.0,0.009735800733560342,,,,,,,,
Measles_virus_N_part1,BUSTED-MH,68,402,0.5,0.0125,False,17703.44009606073,6.894049700963662e-06,0.8617326806912632,0.1643671275398899,0.1266334960428875,1.0,0.01163382326584935,,,,,,,0.02146648254322791,0.0
Measles_virus_N_part1,BUSTEDS,68,402,0.4179701992236401,0.0125,False,17682.21726367823,0.0,0.8237040546237892,0.1112114108108233,0.1743386935375575,3.210397904590112,0.001957251838653308,0.05215730878348647,0.03228834582209643,0.7542256982073717,0.7056446244773431,1.778554966363819,0.2620670297005604,,
Measles_virus_N_part1,BUSTEDS-MH,68,402,0.5,0.0125,False,17676.23798398771,0.0008646572801519659,0.8451575918500126,0.1415827344587489,0.1531475724211462,2.392940579041321,0.001694835728841215,0.05859096019710347,0.03644657443273236,0.7876389552420238,0.7488062807850817,1.900260717998217,0.214747144782186,0.02597479344868833,0.0
