Gene,Method,Sequences,Codons,LRT p-value,Bonferroni p-value,Bonferroni significant,cAIC,w1,p1,w2,p2,w3,p3,SRV1,SRV_p1,SRV2,SRV_p2,SRV3,SRV_p3,DH_Rate,TH_Rate
Measles_virus_N_part2,BUSTED,67,402,0.5,0.0125,False,11310.70104126447,0.003477869833164865,0.0,0.02677944822586618,1.0,1.002330004167033,0,,,,,,,,
Measles_virus_N_part2,BUSTED-MH,67,402,0.5,0.0125,False,11322.86537347308,0.01754182410820837,0.0,0.02607953247025276,1.0,1.001561938629938,0,,,,,,,0.0351375242466969,0.0
Measles_virus_N_part2,BUSTEDS,67,402,0.5,0.0125,False,11302.28867191791,0.02596345185738065,1.0,0.3380573201615225,0.0,1.001562816070798,0,0.7597122249550862,0.8434773809622385,2.043181994232922,0.1507864572831644,8.911141265113352,0.005736161754597156,,
Measles_virus_N_part2,BUSTEDS-MH,67,402,0.5,0.0125,False,11311.1717792565,0.01164118064807936,0.8260022281775814,0.0911049859360311,0.1739977718224186,1.002271903139054,0,0.7601236418404999,0.8383617800536892,1.971052161212051,0.1550107803917081,8.631848905167804,0.006627439554602634,0.0349122583631867,0.0
