Gene,Method,Sequences,Codons,LRT p-value,Bonferroni p-value,Bonferroni significant,cAIC,w1,p1,w2,p2,w3,p3,SRV1,SRV_p1,SRV2,SRV_p2,SRV3,SRV_p3,DH_Rate,TH_Rate
Mumps_virus_M,BUSTED,12,375,0.5,0.0125,False,4067.369990581066,0.03347558179412,0.904019741957817,0.1909879179466916,0.09598025804218302,1.002330882617735,0,,,,,,,,
Mumps_virus_M,BUSTED-MH,12,375,0.5,0.0125,False,4071.441744115587,0.04132668306087706,0.955599112044806,0.2007511369162845,0.04440088795519403,1.523334945105889,0,,,,,,,0.0,0.0
Mumps_virus_M,BUSTEDS,12,375,0.5,0.0125,False,4077.56894942739,0.03468203219757498,0.9206848173892743,0.209433369640048,0.07931518261072568,1.001564863437289,0,0.9999999130802086,0.9852374409320195,1.000005800934138,0.01476255906798047,1.091025861747258,0.0,,
Mumps_virus_M,BUSTEDS-MH,12,375,0.5,0.0125,False,4081.644778576475,0.01769951041201542,0.0,0.04847043539051153,1.0,1.150818742061491,0,0.7410844144421217,0.0,1.0,1.0,1.006606031048258,0.0,0.0,0.0
