Gene,Method,Sequences,Codons,LRT p-value,Bonferroni p-value,Bonferroni significant,cAIC,w1,p1,w2,p2,w3,p3,SRV1,SRV_p1,SRV2,SRV_p2,SRV3,SRV_p3,DH_Rate,TH_Rate
Mumps_virus_F,BUSTED,29,516,0.5,0.0125,False,9687.058279852945,0.03095474787027691,0.0,0.08210943760400718,1.0,1.002330296983805,0,,,,,,,,
Mumps_virus_F,BUSTED-MH,29,516,0.5,0.0125,False,9690.930674338253,0.07046393421639643,0.0,0.07837896748519299,1.0,1.002330882617735,0,,,,,,,0.1033192820230795,0.07283944580383067
Mumps_virus_F,BUSTEDS,29,516,0.5,0.0125,False,9664.083867912257,0.08216854345472126,1.0,0.3473575928569766,0.0,1.001562231110096,0,0.4466542348849562,0.01093742278178487,0.4524554776136107,0.6335727840783651,1.992887815189454,0.35548979313985,,
Mumps_virus_F,BUSTEDS-MH,29,516,0.5,0.0125,False,9671.087188850883,0.07733382112593759,0.7843576676809509,0.0835495774811414,0.215642332319049,1.002394616610802,0,0.4704889340745436,0.08376762629795889,0.4731796637408689,0.5576032459068102,1.942791838124038,0.3586291277952309,0.08592459080905175,0.06860316698250174
