Gene,Method,Sequences,Codons,LRT p-value,Bonferroni p-value,Bonferroni significant,cAIC,w1,p1,w2,p2,w3,p3,SRV1,SRV_p1,SRV2,SRV_p2,SRV3,SRV_p3,DH_Rate,TH_Rate
Mumps_virus_HN,BUSTED,18,582,0.5,0.0125,False,8267.888095894781,0.1105989344719745,0.7621956970007606,0.1198458571231727,0.2378043029992394,1.001378160118733,0,,,,,,,,
Mumps_virus_HN,BUSTED-MH,18,582,0.5,0.0125,False,8271.54825015086,0.09600546948884271,0.549736771251501,0.1305171968451471,0.450263228748499,2.104916126905113,0,,,,,,,0.05724045319248364,0.0
Mumps_virus_HN,BUSTEDS,18,582,0.5,0.0125,False,8237.13478695954,0.1039417756771482,0.0,0.1040297946196482,1.0,1.551397061183267,0,0.0822668173512897,0.3917815431770061,1.478707168578613,0.602172985865481,12.79170290712833,0.006045470957512804,,
Mumps_virus_HN,BUSTEDS-MH,18,582,0.5,0.0125,False,8241.180750954223,0.1035661991735873,0.3093371380917057,0.1043785507376156,0.6906628619082943,1.39315297950436,0,0.06863736339876382,0.3820496731728006,1.466863867251556,0.6121002634071573,12.97581799863562,0.005850063420041964,0.0,0.0
