Gene,Method,Sequences,Codons,LRT p-value,Bonferroni p-value,Bonferroni significant,cAIC,w1,p1,w2,p2,w3,p3,SRV1,SRV_p1,SRV2,SRV_p2,SRV3,SRV_p3,DH_Rate,TH_Rate
Newcastle_disease_virus_N,BUSTED,27,489,0.5,0.0125,False,13499.94322723231,0.0,0.05520757990142831,0.02667086094011729,0.9023935777475997,1.006445856590976,0.04239884235097204,,,,,,,,
Newcastle_disease_virus_N,BUSTED-MH,27,489,0.5,0.0125,False,13523.41470621,0.02420311869319696,0.8758522169312454,0.3026615902809786,0.1241477830687546,1.001840336509348,0.0,,,,,,,0.1273039226391349,0.1243659151524423
Newcastle_disease_virus_N,BUSTEDS,27,489,0.487229289723572,0.0125,False,13437.8218360955,0.03489251015871213,0.3244423070477199,0.04325971106380028,0.661322006263207,1.508483064349749,0.01423568668907316,0.6240641638353437,0.7342237750081996,1.909641113716954,0.2624059283220343,12.0749324353935,0.003370296669766129,,
Newcastle_disease_virus_N,BUSTEDS-MH,27,489,0.5,0.0125,False,13456.78979486705,0.04880483617414167,0.02444105687658411,0.05007115166228245,0.9710508150102355,1.067273252018793,0.004508128113180404,0.6150802452286154,0.7099651545040162,1.79428884916455,0.2855364521480419,11.33284321789765,0.004498393347941909,0.1065410936940039,0.0
