Gene,Method,Sequences,Codons,LRT p-value,Bonferroni p-value,Bonferroni significant,cAIC,w1,p1,w2,p2,w3,p3,SRV1,SRV_p1,SRV2,SRV_p2,SRV3,SRV_p3,DH_Rate,TH_Rate
Newcastle_disease_virus_F,BUSTED,39,546,0.5,0.0125,False,16975.34970222219,0.02111931653907853,0.2476486460569004,0.07470294103578927,0.677719464075006,1.0,0.0746318898680935,,,,,,,,
Newcastle_disease_virus_F,BUSTED-MH,39,546,0.5,0.0125,False,16977.29972932654,0.08275677157153383,0.9565024720379264,1.0,0.0355715132909648,1.902307977745489,0.007926014671108823,,,,,,,0.0,0.0527241025282928
Newcastle_disease_virus_F,BUSTEDS,39,546,0.4997149803394644,0.0125,False,16916.80296159304,0.05438788947850313,0.002552926172796569,0.1064259446229092,0.978558847901901,1.031072216271704,0.01888822592530248,0.1983492794762472,0.1290722369073605,0.9697064628784372,0.8110095178472368,3.136898337507108,0.05991824524540265,,
Newcastle_disease_virus_F,BUSTEDS-MH,39,546,0.5,0.0125,False,16920.93664416437,0.1050486985671131,0.8657752814980757,0.1200239101712151,0.1174620701941651,1.115176505849965,0.01676264830775923,0.1991383217825291,0.1292934081401772,0.9688946122959644,0.8104504731956108,3.136803943957631,0.06025611866421202,0.0,0.0
