Gene,Method,Sequences,Codons,LRT p-value,Bonferroni p-value,Bonferroni significant,cAIC,w1,p1,w2,p2,w3,p3,SRV1,SRV_p1,SRV2,SRV_p2,SRV3,SRV_p3,DH_Rate,TH_Rate
Newcastle_disease_virus_HN,BUSTED,45,543,0.5,0.0125,False,20232.69447021601,0.000754770368601448,0.03080301365946396,0.004859252809431193,0.8401645448852525,1.00263827343378,0.1290324414552836,,,,,,,,
Newcastle_disease_virus_HN,BUSTED-MH,45,543,0.3845277732782437,0.0125,False,20230.59420806502,0.057177792816241,0.6952546322366622,0.1206421827876119,0.2818275347174605,2.700451395663427,0.02291783304587738,,,,,,,0.0,0.02199747828426331
Newcastle_disease_virus_HN,BUSTEDS,45,543,0.435729897812473,0.0125,False,20150.69485262372,0.0315707948896411,0.0801692066933418,0.08422905618264794,0.8943191022130218,1.992993681847462,0.0255116910936364,0.03115916873788171,0.03695961589231234,0.6021592931608549,0.5180515446714025,1.543631561640673,0.4449888394362851,,
Newcastle_disease_virus_HN,BUSTEDS-MH,45,543,0.4491265740103145,0.0125,False,20149.92298251477,0.07333148854255009,0.7781165841297385,0.1212399363012142,0.1997587615097608,2.129492839676942,0.0221246543605007,0.0,0.02992869151252272,0.5949130331169837,0.5251212370616648,1.545338626201675,0.4449500714258125,0.0,0.02087729971602012
