Gene,Method,Sequences,Codons,LRT p-value,Bonferroni p-value,Bonferroni significant,cAIC,w1,p1,w2,p2,w3,p3,SRV1,SRV_p1,SRV2,SRV_p2,SRV3,SRV_p3,DH_Rate,TH_Rate
Newcastle_disease_virus_P,BUSTED,28,395,0.4999037764674941,0.0125,False,15103.01544307154,0.001061817305871131,0.6925399872959087,0.4912258147026382,0.1305253702677827,1.107869822956993,0.1769346424363086,,,,,,,,
Newcastle_disease_virus_P,BUSTED-MH,28,395,0.5,0.0125,False,15095.53198315169,0.2140636563681706,0.0,0.2396724724929985,1.0,14.55918776699417,0.0,,,,,,,0.08449745146466633,0.05520769072183116
Newcastle_disease_virus_P,BUSTEDS,28,395,0.5,0.0125,False,14954.23780849834,0.162537861329961,0.8904564672058847,0.1893544548887614,0.02992556562048587,1.260014026085826,0.07961796717362947,0.2322113104771373,0.3093996077282783,1.141515235412788,0.5915906965269372,2.553730889811986,0.09900969574478452,,
Newcastle_disease_virus_P,BUSTEDS-MH,28,395,0.5,0.0125,False,14952.76700635101,0.2281767310629075,0.0,0.2378551472865607,1.0,1.002650194844558,0.0,0.2532960011259343,0.3275183562938282,1.194641614066716,0.5977589178303482,2.715816764675501,0.07472272587582365,0.04648947032793755,0.05501834499342569
