Gene,Method,Sequences,Codons,LRT p-value,Bonferroni p-value,Bonferroni significant,cAIC,w1,p1,w2,p2,w3,p3,SRV1,SRV_p1,SRV2,SRV_p2,SRV3,SRV_p3,DH_Rate,TH_Rate
Rabies_virus_N,BUSTED,80,450,0.3673003886425223,0.0125,False,32232.45167352169,0.0,0.01510964163930796,0.02241562011567947,0.9786206766438867,2.427303809615546,0.006269681716805295,,,,,,,,
Rabies_virus_N,BUSTED-MH,80,450,0.5,0.0125,False,32221.74548711337,0.01610568362343997,0.7727365250777212,0.06651126426067488,0.2250568361141658,1.491167490290448,0.002206638808112959,,,,,,,0.2187003793270576,0.0
Rabies_virus_N,BUSTEDS,80,450,0.4858923295208554,0.0125,False,32039.16574518538,0.02075694446650273,0.9864862547004699,0.04901579475886487,0.002579601651252057,1.295816719644445,0.01093414364827803,0.4007574232574115,0.2269034738181861,0.9812439231816602,0.6279503722177767,2.017926439709065,0.1451461539640372,,
Rabies_virus_N,BUSTEDS-MH,80,450,0.5,0.0125,False,32026.29680334159,0.02498676234046221,0.991083011808603,0.6147008074203405,0.008916988191396968,1.001563401032012,0.0,0.4170114649098609,0.2441181885936976,1.00879463698457,0.6307947896214878,2.093402752892328,0.1250870217848145,0.1694973987288948,0.0
