Gene,Method,Sequences,Codons,LRT p-value,Bonferroni p-value,Bonferroni significant,cAIC,w1,p1,w2,p2,w3,p3,SRV1,SRV_p1,SRV2,SRV_p2,SRV3,SRV_p3,DH_Rate,TH_Rate
Rabies_virus_G,BUSTED,87,524,0.5,0.0125,False,34794.53301573087,0.05833891714247752,0.5538119575639712,0.0807236425883012,0.4076128704534592,1.0,0.03857517198256964,,,,,,,,
Rabies_virus_G,BUSTED-MH,87,524,0.5,0.0125,False,34798.44654664192,0.03535887629858017,0.8534862174271151,0.4994202106066487,0.1465137825728849,1.001563693512811,0.0,,,,,,,0.0,0.0
Rabies_virus_G,BUSTEDS,87,524,0.5,0.0125,False,34685.93876645816,0.08001438687400039,0.9740184969365544,0.7716597114202309,0.0259815030634456,1.001565155918729,0.0,0.6922147361367301,0.5784808736842815,1.35938756433054,0.4108198657104845,3.841723232314505,0.01069926060523402,,
Rabies_virus_G,BUSTEDS-MH,87,524,0.5,0.0125,False,34690.03095021297,0.05687142760665864,0.3328773483058428,0.09741087398688185,0.6514653478883461,1.0,0.0156573038058111,0.6923828565992863,0.5784660208743595,1.359233792842533,0.4108558564772135,3.842518133685495,0.01067812264842695,0.0,0.0
