Gene,Method,Sequences,Codons,LRT p-value,Bonferroni p-value,Bonferroni significant,cAIC,w1,p1,w2,p2,w3,p3,SRV1,SRV_p1,SRV2,SRV_p2,SRV3,SRV_p3,DH_Rate,TH_Rate
Rice_stripe_Virus_JN,BUSTED,11,178,0.5,0.0125,False,2155.116719396759,0.02929817226396682,1.0,0.2223216600287221,0.0,1.002330589800706,0,,,,,,,,
Rice_stripe_Virus_JN,BUSTED-MH,11,178,0.5,0.0125,False,2159.295872927583,0.02791004621843801,0.9109689712882807,0.04354821283380601,0.0890310287117193,1.001396637228104,0,,,,,,,0.0,0.0
Rice_stripe_Virus_JN,BUSTEDS,11,178,0.5,0.0125,False,2165.590573530359,0.02918241522405599,0.0,0.02930364356903504,1.0,1.283173998117596,0,0.6539722364893831,0.0,1.0,1.0,1.045817238877923,0.0,,
Rice_stripe_Virus_JN,BUSTEDS-MH,11,178,0.5,0.0125,False,2169.793592916342,0.02550656151016164,0.8543995476532683,0.05198843396171629,0.1456004523467317,1.121552829254631,0,0.962221882970699,0.0,1.0,1.0,1.016678670253138,0.0,0.0,0.0
