Gene,Method,Sequences,Codons,LRT p-value,Bonferroni p-value,Bonferroni significant,cAIC,w1,p1,w2,p2,w3,p3,SRV1,SRV_p1,SRV2,SRV_p2,SRV3,SRV_p3,DH_Rate,TH_Rate
Rift_Valley_Fever_Virus_G2,BUSTED,19,218,0.2401113363511003,0.0125,False,3200.603877163757,0,0.9673832649840499,0,0.03115032440313724,83.03407147860673,0.001466410612812846,,,,,,,,
Rift_Valley_Fever_Virus_G2,BUSTED-MH,19,218,0.2402021240934146,0.0125,False,3204.716089457436,0,0.9859073028870284,0,0.01262299796263649,82.23184115494789,0.001469699150335072,,,,,,,0.0,0.0
Rift_Valley_Fever_Virus_G2,BUSTEDS,19,218,0.1759399638751998,0.0125,False,3190.104473418624,0,0.9952128458092192,0,0.003375663988059602,170.8177520364389,0.001411490202721194,0.4554405405254923,0.816779929720761,3.427546577262155,0.0001130260062696296,3.427601094805734,0.1831070442729694,,
Rift_Valley_Fever_Virus_G2,BUSTEDS-MH,19,218,0.1754534583836158,0.0125,False,3194.22152375844,0,0.989798486120893,0,0.008811982941381477,187.0740295755154,0.001389530937725473,0.4545704516271162,0.7061924900865479,0.4570584727041571,0.1105862463636596,3.429958771187244,0.1832212635497924,0.0,0.0
