Gene,Method,Sequences,Codons,LRT p-value,Bonferroni p-value,Bonferroni significant,cAIC,w1,p1,w2,p2,w3,p3,SRV1,SRV_p1,SRV2,SRV_p2,SRV3,SRV_p3,DH_Rate,TH_Rate
Sendai_virus_F,BUSTED,20,565,1.824448007670121e-07,0.0125,True,6628.09783895674,0.05323249448453728,0.9868776580014079,1.0,0.01044027108639288,24985.56712784667,0.002682070912199202,,,,,,,,
Sendai_virus_F,BUSTED-MH,20,565,2.232789232897714e-05,0.0125,True,6638.501079940196,0.05531730745930385,0.9882950065458164,0.05843767139488241,0.00862384521145769,776.1693928022072,0.003081148242725942,,,,,,,0.1702076344361616,0.0
Sendai_virus_F,BUSTEDS,20,565,4.428507471843091e-08,0.0125,True,6633.643796406493,0.002136837077080413,0.4556356839381015,0.1035759899572999,0.5410912689264243,10507.33806692192,0.00327304713547412,0.0,0.1108128256268509,0.0,0.0603229588573703,1.206470229116754,0.8288642155157787,,
Sendai_virus_F,BUSTEDS-MH,20,565,4.643847848706528e-06,0.0125,True,6644.931327380785,0.0507047950727012,0.5633942408171889,0.05494947546189105,0.4334442648358502,2874.776863367529,0.003161494346960829,0.003948097844045379,0.1508615487301473,1.176962317766794,0.8283889020406336,1.176982758366877,0.02074954922921907,0.1365610772758068,0.0
