Gene,Method,Sequences,Codons,LRT p-value,Bonferroni p-value,Bonferroni significant,cAIC,w1,p1,w2,p2,w3,p3,SRV1,SRV_p1,SRV2,SRV_p2,SRV3,SRV_p3,DH_Rate,TH_Rate
Sin_Nombre_virus_N,BUSTED,10,139,0.5,0.0125,False,1822.286570284188,0,1,0.01960137256676631,0,1.1303081885816,0,,,,,,,,
Sin_Nombre_virus_N,BUSTED-MH,10,139,0.5,0.0125,False,1826.210141812522,0,1,0.0006059396509748832,0,1.123757842671014,0,,,,,,,0.1541338227481261,0.0
Sin_Nombre_virus_N,BUSTEDS,10,139,0.5,0.0125,False,1820.350609990872,0,1,0.0867138261053005,0,1.164287517508535,0,0.4156921342160163,0.7829737110546834,0.4168925735144886,0.0,3.10802894107728,0.2170262889453166,,
Sin_Nombre_virus_N,BUSTEDS-MH,10,139,0.5,0.0125,False,1824.628366015667,0,1,0.03773369050990492,0,1.134316992778415,0,0.415270912429031,0.6452818348579983,0.4172369405415857,0.1385364634517864,3.118814812859259,0.2161817016902154,0.0,0.0
