Gene,Method,Sequences,Codons,LRT p-value,Bonferroni p-value,Bonferroni significant,cAIC,w1,p1,w2,p2,w3,p3,SRV1,SRV_p1,SRV2,SRV_p2,SRV3,SRV_p3,DH_Rate,TH_Rate
Tomato_spotted_wilt_virus_NSS,BUSTED,10,443,0.5,0.0125,False,5514.272360599456,0.163443662340465,0.8757361354157214,0.6204876689786145,0.1242638645842786,1.002331175434892,0,,,,,,,,
Tomato_spotted_wilt_virus_NSS,BUSTED-MH,10,443,0.5,0.0125,False,5529.376695946557,0.2021303152711165,0.01075407780285842,0.2107321462058606,0.9892459221971416,1.001534153599257,0,,,,,,,0.0,1.228378198368937
Tomato_spotted_wilt_virus_NSS,BUSTEDS,10,443,0.5,0.0125,False,5521.60146514662,0.1980765454874196,0.9460434083477425,0.5196707413479085,0.05395659165225752,1.001563693512811,0,0.0,0.2358911393165909,0.002512201740506595,0.0,1.308714047767504,0.7641088606834091,,
Tomato_spotted_wilt_virus_NSS,BUSTEDS-MH,10,443,0.5,0.0125,False,5537.443774920854,0.2037729436630286,1.0,0.7171682228805354,0.0,5.757624834536952,0,5.51276744433657e-09,0.2334828285833816,1.674480362723179e-05,7.665171714165339e-05,1.304732685351041,0.7664405196994767,0.05064542929531101,1.248356119519894
