Gene,Method,Sequences,Codons,LRT p-value,Bonferroni p-value,Bonferroni significant,cAIC,w1,p1,w2,p2,w3,p3,SRV1,SRV_p1,SRV2,SRV_p2,SRV3,SRV_p3,DH_Rate,TH_Rate
Vesicular_stomatitis_virus_G,BUSTED,25,508,0.5,0.0125,False,9881.151109464123,0.0526724231873996,0.9987575236977762,0.1070126933282793,0.001242476302223849,1.001564278474794,0,,,,,,,,
Vesicular_stomatitis_virus_G,BUSTED-MH,25,508,0.5,0.0125,False,9885.26164972065,0.03018007780845334,0.5059886511183241,0.07612208371154197,0.4940113488816759,1.001564863437289,0,,,,,,,0.0,0.0
Vesicular_stomatitis_virus_G,BUSTEDS,25,508,0.5,0.0125,False,9882.241601229483,0.04838671833716839,0.980421929730225,0.2519906746187958,0.01957807026977498,1.001562231110096,0,0.09790050133428156,0.1267529235058313,1.130940196690054,0.4687219066550822,1.130941691761087,0.4045251698390864,,
Vesicular_stomatitis_virus_G,BUSTEDS-MH,25,508,0.5,0.0125,False,9886.225081008417,0.02974242731450032,0.3682261185530094,0.06540422556166275,0.6317738814469906,1.403918402690465,0,0.0990050826663936,0.1268108188653596,0.5367280579450245,0.0,1.130848968046231,0.8731891811346404,0.0,0.0
