Gene,Method,Sequences,Codons,LRT p-value,Bonferroni p-value,Bonferroni significant,cAIC,w1,p1,w2,p2,w3,p3,SRV1,SRV_p1,SRV2,SRV_p2,SRV3,SRV_p3,DH_Rate,TH_Rate
Vesicular_stomatitis_Indiana_virus_G,BUSTED,26,516,0.5,0.0125,False,7871.025390062182,0.0125690203823956,0.6957777182086387,0.0237356380148166,0.2657779475403272,1.0,0.03844433425103416,,,,,,,,
Vesicular_stomatitis_Indiana_virus_G,BUSTED-MH,26,516,0.5,0.0125,False,7872.5590104523,0.004672474513061228,0.7437924162310136,0.06016616457431032,0.2225835104390197,1.022096532319174,0.03362407332996671,,,,,,,0.08025105919621175,0.0
Vesicular_stomatitis_Indiana_virus_G,BUSTEDS,26,516,0.4974982466630446,0.0125,False,7878.35305279266,0.017658023363728,0.03102029578023817,0.01780526543667424,0.9393249508058071,1.127771622120202,0.0296547534139547,0.9194562276143086,0.4134299296328903,0.9195363332319096,0.5802683722195341,13.69336061723182,0.006301698147575587,,
Vesicular_stomatitis_Indiana_virus_G,BUSTEDS-MH,26,516,0.4968482470974509,0.0125,False,7881.47218531577,0.007095999037334558,0.0,0.01836520028816734,0.9730513464224637,1.212346946294273,0.02694865357753629,0.9503642113499613,0.8175469123649314,0.950420537275051,0.1771110801822948,10.24009529902108,0.005342007452773814,0.07292072856316871,0.0
